process,hurst_true,repeat,method,estimate,lag1_acf
fGn,0.3,0,custom_rs,0.37953215557144565,-0.27020628113961065
fGn,0.3,0,custom_dfa,0.3060883568524374,-0.27020628113961065
fGn,0.3,0,nolds_rs,0.3420058513754224,-0.27020628113961065
fGn,0.3,0,nolds_dfa,0.31199381535642845,-0.27020628113961065
fGn,0.3,1,custom_rs,0.35758140186271437,-0.24159340357733786
fGn,0.3,1,custom_dfa,0.2659787511397961,-0.24159340357733786
fGn,0.3,1,nolds_rs,0.32485949853082613,-0.24159340357733786
fGn,0.3,1,nolds_dfa,0.31152844639714655,-0.24159340357733786
fGn,0.3,2,custom_rs,0.37824766200174215,-0.24762470009747656
fGn,0.3,2,custom_dfa,0.294232706679916,-0.24762470009747656
fGn,0.3,2,nolds_rs,0.36737655219656584,-0.24762470009747656
fGn,0.3,2,nolds_dfa,0.32914204730300184,-0.24762470009747656
fGn,0.3,3,custom_rs,0.3972791411542111,-0.25016294195229405
fGn,0.3,3,custom_dfa,0.33227434563816965,-0.25016294195229405
fGn,0.3,3,nolds_rs,0.3510253870961334,-0.25016294195229405
fGn,0.3,3,nolds_dfa,0.3293919889447304,-0.25016294195229405
fGn,0.3,4,custom_rs,0.3915796791423735,-0.22284167637259622
fGn,0.3,4,custom_dfa,0.2997966002224734,-0.22284167637259622
fGn,0.3,4,nolds_rs,0.34116090815013456,-0.22284167637259622
fGn,0.3,4,nolds_dfa,0.31201189845749316,-0.22284167637259622
fGn,0.3,5,custom_rs,0.410590363385702,-0.24423950185153395
fGn,0.3,5,custom_dfa,0.33682113268047736,-0.24423950185153395
fGn,0.3,5,nolds_rs,0.3392135136952669,-0.24423950185153395
fGn,0.3,5,nolds_dfa,0.34392490645632706,-0.24423950185153395
fGn,0.3,6,custom_rs,0.38858554523734773,-0.2311040547886901
fGn,0.3,6,custom_dfa,0.3001203324025178,-0.2311040547886901
fGn,0.3,6,nolds_rs,0.3575006380603829,-0.2311040547886901
fGn,0.3,6,nolds_dfa,0.32851955052534487,-0.2311040547886901
fGn,0.3,7,custom_rs,0.3639907670321201,-0.24772012171730326
fGn,0.3,7,custom_dfa,0.28188259570414054,-0.24772012171730326
fGn,0.3,7,nolds_rs,0.34021180805097706,-0.24772012171730326
fGn,0.3,7,nolds_dfa,0.3064498004810452,-0.24772012171730326
fGn,0.3,8,custom_rs,0.37242347756682564,-0.23788420336405713
fGn,0.3,8,custom_dfa,0.31141101479936917,-0.23788420336405713
fGn,0.3,8,nolds_rs,0.3335454884385456,-0.23788420336405713
fGn,0.3,8,nolds_dfa,0.33294507031967663,-0.23788420336405713
fGn,0.3,9,custom_rs,0.3790974642746862,-0.25486695219872535
fGn,0.3,9,custom_dfa,0.3005933305931638,-0.25486695219872535
fGn,0.3,9,nolds_rs,0.35465893579157237,-0.25486695219872535
fGn,0.3,9,nolds_dfa,0.3241220482486291,-0.25486695219872535
fGn,0.3,10,custom_rs,0.3830071798829485,-0.2269296268801213
fGn,0.3,10,custom_dfa,0.2897895384649386,-0.2269296268801213
fGn,0.3,10,nolds_rs,0.3279099763350932,-0.2269296268801213
fGn,0.3,10,nolds_dfa,0.31467612886973984,-0.2269296268801213
fGn,0.3,11,custom_rs,0.3986506977170586,-0.23437891818200324
fGn,0.3,11,custom_dfa,0.33009597467645924,-0.23437891818200324
fGn,0.3,11,nolds_rs,0.3500581161559171,-0.23437891818200324
fGn,0.3,11,nolds_dfa,0.3420226432457553,-0.23437891818200324
fGn,0.3,12,custom_rs,0.3694439810051077,-0.25432559045409514
fGn,0.3,12,custom_dfa,0.28404040750998977,-0.25432559045409514
fGn,0.3,12,nolds_rs,0.3529005222665218,-0.25432559045409514
fGn,0.3,12,nolds_dfa,0.3194485913277137,-0.25432559045409514
fGn,0.3,13,custom_rs,0.3916779722213502,-0.2506733946568042
fGn,0.3,13,custom_dfa,0.298426040360729,-0.2506733946568042
fGn,0.3,13,nolds_rs,0.3621546690390151,-0.2506733946568042
fGn,0.3,13,nolds_dfa,0.3216088894785438,-0.2506733946568042
fGn,0.3,14,custom_rs,0.3902318820794501,-0.24331197303810292
fGn,0.3,14,custom_dfa,0.3113877869735547,-0.24331197303810292
fGn,0.3,14,nolds_rs,0.35503268642765756,-0.24331197303810292
fGn,0.3,14,nolds_dfa,0.3313968601942608,-0.24331197303810292
fGn,0.3,15,custom_rs,0.4090829140266065,-0.2333503932743925
fGn,0.3,15,custom_dfa,0.3276201665633393,-0.2333503932743925
fGn,0.3,15,nolds_rs,0.3622138579215506,-0.2333503932743925
fGn,0.3,15,nolds_dfa,0.3344400963244725,-0.2333503932743925
fGn,0.3,16,custom_rs,0.39140959592815294,-0.2396156674487106
fGn,0.3,16,custom_dfa,0.3135499904644513,-0.2396156674487106
fGn,0.3,16,nolds_rs,0.33625102202203605,-0.2396156674487106
fGn,0.3,16,nolds_dfa,0.3221000581364061,-0.2396156674487106
fGn,0.3,17,custom_rs,0.3936445572462082,-0.24463602047044275
fGn,0.3,17,custom_dfa,0.32174969491334,-0.24463602047044275
fGn,0.3,17,nolds_rs,0.36833141177968975,-0.24463602047044275
fGn,0.3,17,nolds_dfa,0.34216048772676355,-0.24463602047044275
fGn,0.3,18,custom_rs,0.41447674049816147,-0.23305111441386342
fGn,0.3,18,custom_dfa,0.340910659745405,-0.23305111441386342
fGn,0.3,18,nolds_rs,0.3669369585406771,-0.23305111441386342
fGn,0.3,18,nolds_dfa,0.33022930143481316,-0.23305111441386342
fGn,0.3,19,custom_rs,0.37498803497231636,-0.24351828891405586
fGn,0.3,19,custom_dfa,0.28363879544444204,-0.24351828891405586
fGn,0.3,19,nolds_rs,0.36239536451710164,-0.24351828891405586
fGn,0.3,19,nolds_dfa,0.3262394635585527,-0.24351828891405586
fGn,0.3,20,custom_rs,0.3642141001352205,-0.20676932689869204
fGn,0.3,20,custom_dfa,0.2679468510385556,-0.20676932689869204
fGn,0.3,21,custom_rs,0.39354758655315414,-0.24034496133026115
fGn,0.3,21,custom_dfa,0.3082764546264859,-0.24034496133026115
fGn,0.3,22,custom_rs,0.3986945658471276,-0.23483963877220296
fGn,0.3,22,custom_dfa,0.3150210062602022,-0.23483963877220296
fGn,0.3,23,custom_rs,0.3979678029740351,-0.2543421173652373
fGn,0.3,23,custom_dfa,0.3204854296108254,-0.2543421173652373
fGn,0.3,24,custom_rs,0.36128103369977255,-0.24766783377840323
fGn,0.3,24,custom_dfa,0.26518766978825475,-0.24766783377840323
fGn,0.3,25,custom_rs,0.37609624632413385,-0.23664733019353976
fGn,0.3,25,custom_dfa,0.2843213935241035,-0.23664733019353976
fGn,0.3,26,custom_rs,0.3883801684903143,-0.24499169507826787
fGn,0.3,26,custom_dfa,0.29637044505863075,-0.24499169507826787
fGn,0.3,27,custom_rs,0.39269771788852703,-0.25702298968943277
fGn,0.3,27,custom_dfa,0.3093115549282482,-0.25702298968943277
fGn,0.3,28,custom_rs,0.382092165587246,-0.2546566874418846
fGn,0.3,28,custom_dfa,0.2816403441260104,-0.2546566874418846
fGn,0.3,29,custom_rs,0.36979359841020826,-0.23845222709812205
fGn,0.3,29,custom_dfa,0.2862695371466658,-0.23845222709812205
fGn,0.3,30,custom_rs,0.405080652728236,-0.22769709048789588
fGn,0.3,30,custom_dfa,0.34229328590136326,-0.22769709048789588
fGn,0.3,31,custom_rs,0.39707152840501864,-0.2618054285064307
fGn,0.3,31,custom_dfa,0.31073884415981884,-0.2618054285064307
fGn,0.3,32,custom_rs,0.4060760654155064,-0.2689669611769135
fGn,0.3,32,custom_dfa,0.31104350830760563,-0.2689669611769135
fGn,0.3,33,custom_rs,0.3938518199720048,-0.25095971557723346
fGn,0.3,33,custom_dfa,0.32199302877897534,-0.25095971557723346
fGn,0.3,34,custom_rs,0.3679722613922707,-0.23234109878201117
fGn,0.3,34,custom_dfa,0.27197150798095787,-0.23234109878201117
fGn,0.3,35,custom_rs,0.39548063819177404,-0.2427006172186386
fGn,0.3,35,custom_dfa,0.3197748642045401,-0.2427006172186386
fGn,0.3,36,custom_rs,0.3855877366690613,-0.25546436663421795
fGn,0.3,36,custom_dfa,0.29481218373606566,-0.25546436663421795
fGn,0.3,37,custom_rs,0.43719963755881447,-0.24260401424830527
fGn,0.3,37,custom_dfa,0.3352033654992435,-0.24260401424830527
fGn,0.3,38,custom_rs,0.38778854644631283,-0.23423772450200805
fGn,0.3,38,custom_dfa,0.2876414016141063,-0.23423772450200805
fGn,0.3,39,custom_rs,0.4054814711415202,-0.2483165439421757
fGn,0.3,39,custom_dfa,0.3347222187903985,-0.2483165439421757
fGn,0.3,40,custom_rs,0.3722039653001793,-0.2326230575458076
fGn,0.3,40,custom_dfa,0.290468564533758,-0.2326230575458076
fGn,0.3,41,custom_rs,0.3506212984155983,-0.2361048482876151
fGn,0.3,41,custom_dfa,0.2666141183709644,-0.2361048482876151
fGn,0.3,42,custom_rs,0.37655239686979897,-0.2198918226905158
fGn,0.3,42,custom_dfa,0.29530518326485783,-0.2198918226905158
fGn,0.3,43,custom_rs,0.3851618663298634,-0.24211277407479803
fGn,0.3,43,custom_dfa,0.32619777949519885,-0.24211277407479803
fGn,0.3,44,custom_rs,0.36030467631183194,-0.23002659071648435
fGn,0.3,44,custom_dfa,0.27370871499227334,-0.23002659071648435
fGn,0.3,45,custom_rs,0.3938464217046593,-0.2366972177811781
fGn,0.3,45,custom_dfa,0.2942429162455658,-0.2366972177811781
fGn,0.3,46,custom_rs,0.3640485728592566,-0.246507212946868
fGn,0.3,46,custom_dfa,0.26613986484996954,-0.246507212946868
fGn,0.3,47,custom_rs,0.3770534566862656,-0.22798086583884508
fGn,0.3,47,custom_dfa,0.2695216725140348,-0.22798086583884508
fGn,0.3,48,custom_rs,0.3654061822457211,-0.2550361048357421
fGn,0.3,48,custom_dfa,0.30185176844522693,-0.2550361048357421
fGn,0.3,49,custom_rs,0.358997732965848,-0.2593312496188481
fGn,0.3,49,custom_dfa,0.2618156463125444,-0.2593312496188481
fGn,0.3,50,custom_rs,0.3882686150032019,-0.2621887008241366
fGn,0.3,50,custom_dfa,0.3230954081484152,-0.2621887008241366
fGn,0.3,51,custom_rs,0.4089927178722638,-0.2551626059552906
fGn,0.3,51,custom_dfa,0.33649151489571133,-0.2551626059552906
fGn,0.3,52,custom_rs,0.36182555713092845,-0.24655523607740648
fGn,0.3,52,custom_dfa,0.25954430533725326,-0.24655523607740648
fGn,0.3,53,custom_rs,0.3983485874555444,-0.24776041896471415
fGn,0.3,53,custom_dfa,0.3122461114734809,-0.24776041896471415
fGn,0.3,54,custom_rs,0.3916360383134923,-0.23408556884073514
fGn,0.3,54,custom_dfa,0.2968867164646786,-0.23408556884073514
fGn,0.3,55,custom_rs,0.3698834423822975,-0.24725645689750983
fGn,0.3,55,custom_dfa,0.2636081980686045,-0.24725645689750983
fGn,0.3,56,custom_rs,0.3847276879795618,-0.2405703952322831
fGn,0.3,56,custom_dfa,0.30583855817354577,-0.2405703952322831
fGn,0.3,57,custom_rs,0.36707906491592723,-0.2328777081293256
fGn,0.3,57,custom_dfa,0.2864508226494725,-0.2328777081293256
fGn,0.3,58,custom_rs,0.3710182655338651,-0.2524304408746658
fGn,0.3,58,custom_dfa,0.2739883071022531,-0.2524304408746658
fGn,0.3,59,custom_rs,0.36175297612487095,-0.24860027752696598
fGn,0.3,59,custom_dfa,0.28336323501516203,-0.24860027752696598
fGn,0.3,60,custom_rs,0.38856042493980636,-0.26925411995955095
fGn,0.3,60,custom_dfa,0.29821092193610826,-0.26925411995955095
fGn,0.3,61,custom_rs,0.3882759528210109,-0.23412220194559955
fGn,0.3,61,custom_dfa,0.2965991499235663,-0.23412220194559955
fGn,0.3,62,custom_rs,0.398462362271487,-0.25179426606742444
fGn,0.3,62,custom_dfa,0.3077276345838626,-0.25179426606742444
fGn,0.3,63,custom_rs,0.4039244735462847,-0.2616735458041779
fGn,0.3,63,custom_dfa,0.3105216468700083,-0.2616735458041779
fGn,0.3,64,custom_rs,0.4115469610322189,-0.24269516394537036
fGn,0.3,64,custom_dfa,0.330179791571009,-0.24269516394537036
fGn,0.3,65,custom_rs,0.40013187436116726,-0.2351079406119098
fGn,0.3,65,custom_dfa,0.2999640603187792,-0.2351079406119098
fGn,0.3,66,custom_rs,0.3821616085372418,-0.2561453948941038
fGn,0.3,66,custom_dfa,0.287255989818869,-0.2561453948941038
fGn,0.3,67,custom_rs,0.3667816767521796,-0.23121467801288562
fGn,0.3,67,custom_dfa,0.27040675819027754,-0.23121467801288562
fGn,0.3,68,custom_rs,0.4088110956114866,-0.2523645495608312
fGn,0.3,68,custom_dfa,0.3299569411649746,-0.2523645495608312
fGn,0.3,69,custom_rs,0.38937467105719387,-0.25313773438912046
fGn,0.3,69,custom_dfa,0.3027158840994377,-0.25313773438912046
fGn,0.3,70,custom_rs,0.3530139045456643,-0.2424137886652569
fGn,0.3,70,custom_dfa,0.2616680375945137,-0.2424137886652569
fGn,0.3,71,custom_rs,0.3999604030386347,-0.22508630130866056
fGn,0.3,71,custom_dfa,0.29580643485569613,-0.22508630130866056
fGn,0.3,72,custom_rs,0.3762373420525708,-0.2501669838569899
fGn,0.3,72,custom_dfa,0.2928652269586612,-0.2501669838569899
fGn,0.3,73,custom_rs,0.3843475944357025,-0.2618589225444016
fGn,0.3,73,custom_dfa,0.30933761548831823,-0.2618589225444016
fGn,0.3,74,custom_rs,0.36830688656032873,-0.23694286534638143
fGn,0.3,74,custom_dfa,0.2587139263727365,-0.23694286534638143
fGn,0.3,75,custom_rs,0.3243192094555208,-0.21718928437494026
fGn,0.3,75,custom_dfa,0.23140560320856884,-0.21718928437494026
fGn,0.3,76,custom_rs,0.4071948566243735,-0.23004421011015358
fGn,0.3,76,custom_dfa,0.3300143369143518,-0.23004421011015358
fGn,0.3,77,custom_rs,0.415885307162253,-0.22666732730306346
fGn,0.3,77,custom_dfa,0.332608916180191,-0.22666732730306346
fGn,0.3,78,custom_rs,0.3690394562684114,-0.25832037357201315
fGn,0.3,78,custom_dfa,0.2875780075874499,-0.25832037357201315
fGn,0.3,79,custom_rs,0.41318526996654004,-0.25450610967795906
fGn,0.3,79,custom_dfa,0.3215338885052082,-0.25450610967795906
fGn,0.3,80,custom_rs,0.40088686677425794,-0.24437088212939914
fGn,0.3,80,custom_dfa,0.29611458753429026,-0.24437088212939914
fGn,0.3,81,custom_rs,0.3978345648464954,-0.26152467260274886
fGn,0.3,81,custom_dfa,0.32719488446929085,-0.26152467260274886
fGn,0.3,82,custom_rs,0.36790043656860844,-0.23899603684826654
fGn,0.3,82,custom_dfa,0.2822512153922422,-0.23899603684826654
fGn,0.3,83,custom_rs,0.38202067045912863,-0.25200937240011695
fGn,0.3,83,custom_dfa,0.3020623567491874,-0.25200937240011695
fGn,0.3,84,custom_rs,0.3955893171164546,-0.21634291141521472
fGn,0.3,84,custom_dfa,0.297130403008054,-0.21634291141521472
fGn,0.3,85,custom_rs,0.3693567274153205,-0.23560473574491536
fGn,0.3,85,custom_dfa,0.2788990734047114,-0.23560473574491536
fGn,0.3,86,custom_rs,0.38336566636822916,-0.237037925474522
fGn,0.3,86,custom_dfa,0.31310853663245314,-0.237037925474522
fGn,0.3,87,custom_rs,0.396683973236511,-0.2436890659803917
fGn,0.3,87,custom_dfa,0.2950006405063528,-0.2436890659803917
fGn,0.3,88,custom_rs,0.37811093871035906,-0.26252430131060217
fGn,0.3,88,custom_dfa,0.2921531138183752,-0.26252430131060217
fGn,0.3,89,custom_rs,0.38135894949370763,-0.24666114883938184
fGn,0.3,89,custom_dfa,0.3253914405744971,-0.24666114883938184
fGn,0.3,90,custom_rs,0.35018289951757875,-0.2417330230761074
fGn,0.3,90,custom_dfa,0.25558156175430896,-0.2417330230761074
fGn,0.3,91,custom_rs,0.3892075802280763,-0.22531229264866767
fGn,0.3,91,custom_dfa,0.30475578286741306,-0.22531229264866767
fGn,0.3,92,custom_rs,0.3751190400240947,-0.26063650231779173
fGn,0.3,92,custom_dfa,0.2841809302204361,-0.26063650231779173
fGn,0.3,93,custom_rs,0.3688481436811291,-0.2544446517879963
fGn,0.3,93,custom_dfa,0.3032285200113914,-0.2544446517879963
fGn,0.3,94,custom_rs,0.3775827318721067,-0.24394727508038086
fGn,0.3,94,custom_dfa,0.29375071224786836,-0.24394727508038086
fGn,0.3,95,custom_rs,0.3741557888013513,-0.2406870174058655
fGn,0.3,95,custom_dfa,0.28084011126938335,-0.2406870174058655
fGn,0.3,96,custom_rs,0.36182552377192667,-0.266814858813593
fGn,0.3,96,custom_dfa,0.29169691521771884,-0.266814858813593
fGn,0.3,97,custom_rs,0.37954098650071283,-0.23415325181017024
fGn,0.3,97,custom_dfa,0.2933910579222655,-0.23415325181017024
fGn,0.3,98,custom_rs,0.3687333410273618,-0.24274846235369127
fGn,0.3,98,custom_dfa,0.2957507917785005,-0.24274846235369127
fGn,0.3,99,custom_rs,0.39097682014651186,-0.23113647893969444
fGn,0.3,99,custom_dfa,0.3162663736274858,-0.23113647893969444
fGn,0.5,0,custom_rs,0.5409623881036054,0.005336086144898391
fGn,0.5,0,custom_dfa,0.4848640610126974,0.005336086144898391
fGn,0.5,0,nolds_rs,0.4862428468128209,0.005336086144898391
fGn,0.5,0,nolds_dfa,0.508048736701487,0.005336086144898391
fGn,0.5,1,custom_rs,0.5462669977839452,-0.0012910151311422752
fGn,0.5,1,custom_dfa,0.48822942451275664,-0.0012910151311422752
fGn,0.5,1,nolds_rs,0.5204477033575435,-0.0012910151311422752
fGn,0.5,1,nolds_dfa,0.5207238630453468,-0.0012910151311422752
fGn,0.5,2,custom_rs,0.5970181600153704,0.004768282184184249
fGn,0.5,2,custom_dfa,0.5577147209978519,0.004768282184184249
fGn,0.5,2,nolds_rs,0.5103776831269321,0.004768282184184249
fGn,0.5,2,nolds_dfa,0.5297354187866321,0.004768282184184249
fGn,0.5,3,custom_rs,0.5669010036854646,0.015878312218487536
fGn,0.5,3,custom_dfa,0.5396493107063742,0.015878312218487536
fGn,0.5,3,nolds_rs,0.49249842774190694,0.015878312218487536
fGn,0.5,3,nolds_dfa,0.5236245346767736,0.015878312218487536
fGn,0.5,4,custom_rs,0.5744015644893572,0.01186816564621127
fGn,0.5,4,custom_dfa,0.5351894144299133,0.01186816564621127
fGn,0.5,4,nolds_rs,0.5076697262024339,0.01186816564621127
fGn,0.5,4,nolds_dfa,0.5284192843029332,0.01186816564621127
fGn,0.5,5,custom_rs,0.5403253007119909,-0.013812173249497113
fGn,0.5,5,custom_dfa,0.5012128321402565,-0.013812173249497113
fGn,0.5,5,nolds_rs,0.4957166984765451,-0.013812173249497113
fGn,0.5,5,nolds_dfa,0.5044449428114954,-0.013812173249497113
fGn,0.5,6,custom_rs,0.6202576911511948,0.005402143698037063
fGn,0.5,6,custom_dfa,0.5798941313320534,0.005402143698037063
fGn,0.5,6,nolds_rs,0.5130927314852278,0.005402143698037063
fGn,0.5,6,nolds_dfa,0.5599782580396675,0.005402143698037063
fGn,0.5,7,custom_rs,0.5657349162024257,0.002259281983597709
fGn,0.5,7,custom_dfa,0.5106536003011254,0.002259281983597709
fGn,0.5,7,nolds_rs,0.5254330293415559,0.002259281983597709
fGn,0.5,7,nolds_dfa,0.538207282041012,0.002259281983597709
fGn,0.5,8,custom_rs,0.5041184398335126,-0.012559092159629408
fGn,0.5,8,custom_dfa,0.42836489903656877,-0.012559092159629408
fGn,0.5,8,nolds_rs,0.5445908232458893,-0.012559092159629408
fGn,0.5,8,nolds_dfa,0.4866247982019931,-0.012559092159629408
fGn,0.5,9,custom_rs,0.5604108090434312,-0.004976773005663318
fGn,0.5,9,custom_dfa,0.5075897408039796,-0.004976773005663318
fGn,0.5,9,nolds_rs,0.5005375113245069,-0.004976773005663318
fGn,0.5,9,nolds_dfa,0.5097847106449632,-0.004976773005663318
fGn,0.5,10,custom_rs,0.5809310432120035,-0.0162344636634414
fGn,0.5,10,custom_dfa,0.5391935530162396,-0.0162344636634414
fGn,0.5,10,nolds_rs,0.5173845725092495,-0.0162344636634414
fGn,0.5,10,nolds_dfa,0.5229252487528353,-0.0162344636634414
fGn,0.5,11,custom_rs,0.5808906677554813,0.002696894538446552
fGn,0.5,11,custom_dfa,0.5154519182372523,0.002696894538446552
fGn,0.5,11,nolds_rs,0.5062673041991544,0.002696894538446552
fGn,0.5,11,nolds_dfa,0.5262281343591207,0.002696894538446552
fGn,0.5,12,custom_rs,0.5683585254000662,-0.03234799980497094
fGn,0.5,12,custom_dfa,0.49879785528169485,-0.03234799980497094
fGn,0.5,12,nolds_rs,0.5010417374521626,-0.03234799980497094
fGn,0.5,12,nolds_dfa,0.5140168977091805,-0.03234799980497094
fGn,0.5,13,custom_rs,0.5357551212495014,-0.009461982237996484
fGn,0.5,13,custom_dfa,0.48796847674587046,-0.009461982237996484
fGn,0.5,13,nolds_rs,0.5078782743703992,-0.009461982237996484
fGn,0.5,13,nolds_dfa,0.5188469367437278,-0.009461982237996484
fGn,0.5,14,custom_rs,0.5328424060274306,0.008764378677182895
fGn,0.5,14,custom_dfa,0.45606468854613746,0.008764378677182895
fGn,0.5,14,nolds_rs,0.4849152686572563,0.008764378677182895
fGn,0.5,14,nolds_dfa,0.5005183187853852,0.008764378677182895
fGn,0.5,15,custom_rs,0.5301112665480759,-0.01571648278393294
fGn,0.5,15,custom_dfa,0.4825633389368534,-0.01571648278393294
fGn,0.5,15,nolds_rs,0.453255974871187,-0.01571648278393294
fGn,0.5,15,nolds_dfa,0.48281082603893544,-0.01571648278393294
fGn,0.5,16,custom_rs,0.5684655775637242,0.02065310866676325
fGn,0.5,16,custom_dfa,0.5167758075278789,0.02065310866676325
fGn,0.5,16,nolds_rs,0.4917136150846745,0.02065310866676325
fGn,0.5,16,nolds_dfa,0.5140887430513006,0.02065310866676325
fGn,0.5,17,custom_rs,0.5224205659472054,-0.01406349513139738
fGn,0.5,17,custom_dfa,0.48631821825788457,-0.01406349513139738
fGn,0.5,17,nolds_rs,0.5133596444611772,-0.01406349513139738
fGn,0.5,17,nolds_dfa,0.5273155843216577,-0.01406349513139738
fGn,0.5,18,custom_rs,0.5124683532905181,-0.0034944094732375585
fGn,0.5,18,custom_dfa,0.44521500880739134,-0.0034944094732375585
fGn,0.5,18,nolds_rs,0.5040198061247917,-0.0034944094732375585
fGn,0.5,18,nolds_dfa,0.503324069240285,-0.0034944094732375585
fGn,0.5,19,custom_rs,0.5459538195956948,-0.02310664052946583
fGn,0.5,19,custom_dfa,0.4898115431843937,-0.02310664052946583
fGn,0.5,19,nolds_rs,0.5172098654340922,-0.02310664052946583
fGn,0.5,19,nolds_dfa,0.5189115924466213,-0.02310664052946583
fGn,0.5,20,custom_rs,0.5561221758137564,-0.027590009702728527
fGn,0.5,20,custom_dfa,0.5093226638718992,-0.027590009702728527
fGn,0.5,21,custom_rs,0.5327763767489123,0.005071815300412537
fGn,0.5,21,custom_dfa,0.47812075390914294,0.005071815300412537
fGn,0.5,22,custom_rs,0.5324668275519391,-0.012712335258661462
fGn,0.5,22,custom_dfa,0.477747114058904,-0.012712335258661462
fGn,0.5,23,custom_rs,0.5331255217273375,0.006728615646621794
fGn,0.5,23,custom_dfa,0.48930008516292983,0.006728615646621794
fGn,0.5,24,custom_rs,0.5351127660819751,-0.012538189711086807
fGn,0.5,24,custom_dfa,0.45449032220675817,-0.012538189711086807
fGn,0.5,25,custom_rs,0.5381515520375015,-0.000863639883725064
fGn,0.5,25,custom_dfa,0.48707623193963956,-0.000863639883725064
fGn,0.5,26,custom_rs,0.5551187586847017,-0.0009862922817820033
fGn,0.5,26,custom_dfa,0.5145685625101231,-0.0009862922817820033
fGn,0.5,27,custom_rs,0.5622894316223913,0.010358315571543689
fGn,0.5,27,custom_dfa,0.5009975701041922,0.010358315571543689
fGn,0.5,28,custom_rs,0.5717181757775421,-0.0017229761665500597
fGn,0.5,28,custom_dfa,0.5466960518045872,-0.0017229761665500597
fGn,0.5,29,custom_rs,0.5907634602700599,0.024833530891048467
fGn,0.5,29,custom_dfa,0.5407210111239974,0.024833530891048467
fGn,0.5,30,custom_rs,0.5639586408771138,-0.03152165470596682
fGn,0.5,30,custom_dfa,0.5228890348743419,-0.03152165470596682
fGn,0.5,31,custom_rs,0.5511917749071237,0.007124189410680869
fGn,0.5,31,custom_dfa,0.5037019318610853,0.007124189410680869
fGn,0.5,32,custom_rs,0.5554957419391,0.0025095103354396907
fGn,0.5,32,custom_dfa,0.49423367373250754,0.0025095103354396907
fGn,0.5,33,custom_rs,0.5242847889053063,0.007532939719955979
fGn,0.5,33,custom_dfa,0.4614484912675434,0.007532939719955979
fGn,0.5,34,custom_rs,0.5631812459884197,-0.00858103552616284
fGn,0.5,34,custom_dfa,0.49982596614742075,-0.00858103552616284
fGn,0.5,35,custom_rs,0.5370539075744292,-0.0013315158892663347
fGn,0.5,35,custom_dfa,0.5047076825216466,-0.0013315158892663347
fGn,0.5,36,custom_rs,0.529173537570272,0.01739447770763539
fGn,0.5,36,custom_dfa,0.46454615950321737,0.01739447770763539
fGn,0.5,37,custom_rs,0.5558761953950544,0.015572844248756147
fGn,0.5,37,custom_dfa,0.4832756508291758,0.015572844248756147
fGn,0.5,38,custom_rs,0.5581104185630905,-0.01831144205427349
fGn,0.5,38,custom_dfa,0.5151770462831453,-0.01831144205427349
fGn,0.5,39,custom_rs,0.5053498967379433,0.017654236319362235
fGn,0.5,39,custom_dfa,0.4469238071646724,0.017654236319362235
fGn,0.5,40,custom_rs,0.5353828602654999,-0.0030327020118740052
fGn,0.5,40,custom_dfa,0.46914798168829697,-0.0030327020118740052
fGn,0.5,41,custom_rs,0.5417560245326867,-0.01382593392419141
fGn,0.5,41,custom_dfa,0.4791150477925881,-0.01382593392419141
fGn,0.5,42,custom_rs,0.5642902131703464,0.00306382566644119
fGn,0.5,42,custom_dfa,0.5198857755891166,0.00306382566644119
fGn,0.5,43,custom_rs,0.5461654911518111,0.0031050489095814262
fGn,0.5,43,custom_dfa,0.4899287584422584,0.0031050489095814262
fGn,0.5,44,custom_rs,0.5793597254714065,-0.010355746391550798
fGn,0.5,44,custom_dfa,0.5479238388356407,-0.010355746391550798
fGn,0.5,45,custom_rs,0.5075293996789042,0.0094282332803035
fGn,0.5,45,custom_dfa,0.4467673592022905,0.0094282332803035
fGn,0.5,46,custom_rs,0.5712330058338575,-0.010019092188647829
fGn,0.5,46,custom_dfa,0.5179159937269763,-0.010019092188647829
fGn,0.5,47,custom_rs,0.5778595212230135,0.02296566172704888
fGn,0.5,47,custom_dfa,0.5294240334495512,0.02296566172704888
fGn,0.5,48,custom_rs,0.5348648867395995,-0.007633949171643274
fGn,0.5,48,custom_dfa,0.4882326746899918,-0.007633949171643274
fGn,0.5,49,custom_rs,0.5689908906982669,0.01542978447920295
fGn,0.5,49,custom_dfa,0.5258111405870635,0.01542978447920295
fGn,0.5,50,custom_rs,0.5594243512777748,-0.006615866959493393
fGn,0.5,50,custom_dfa,0.4910660837006071,-0.006615866959493393
fGn,0.5,51,custom_rs,0.5241436130460859,-0.0017952618601422693
fGn,0.5,51,custom_dfa,0.4646481427202345,-0.0017952618601422693
fGn,0.5,52,custom_rs,0.586788682326949,0.009891241753141584
fGn,0.5,52,custom_dfa,0.5499416336603975,0.009891241753141584
fGn,0.5,53,custom_rs,0.5505246813254248,0.012795490763704766
fGn,0.5,53,custom_dfa,0.5133308904332384,0.012795490763704766
fGn,0.5,54,custom_rs,0.5351471315401992,0.006468483456718161
fGn,0.5,54,custom_dfa,0.49580788985446084,0.006468483456718161
fGn,0.5,55,custom_rs,0.5302390901478692,0.023851963641227887
fGn,0.5,55,custom_dfa,0.45339589798615315,0.023851963641227887
fGn,0.5,56,custom_rs,0.5576828396634466,-0.00924988930018455
fGn,0.5,56,custom_dfa,0.4978462060301005,-0.00924988930018455
fGn,0.5,57,custom_rs,0.5739927045902182,0.00836393553603893
fGn,0.5,57,custom_dfa,0.5343557038722391,0.00836393553603893
fGn,0.5,58,custom_rs,0.5244160263495411,0.008772067985973263
fGn,0.5,58,custom_dfa,0.4590021032097693,0.008772067985973263
fGn,0.5,59,custom_rs,0.5438975956545167,0.020577857403210015
fGn,0.5,59,custom_dfa,0.4924871235974967,0.020577857403210015
fGn,0.5,60,custom_rs,0.5495772605970042,0.004547261889237968
fGn,0.5,60,custom_dfa,0.48854927393198394,0.004547261889237968
fGn,0.5,61,custom_rs,0.5288888909733421,-0.014302465905804735
fGn,0.5,61,custom_dfa,0.4821144021000754,-0.014302465905804735
fGn,0.5,62,custom_rs,0.5248319117218931,-0.012308425414577986
fGn,0.5,62,custom_dfa,0.4754074316541967,-0.012308425414577986
fGn,0.5,63,custom_rs,0.5793796188313621,0.015568718120900358
fGn,0.5,63,custom_dfa,0.526590243939717,0.015568718120900358
fGn,0.5,64,custom_rs,0.5402742907828725,0.005803312784124456
fGn,0.5,64,custom_dfa,0.49390401903872055,0.005803312784124456
fGn,0.5,65,custom_rs,0.5606022584803954,-0.002897335842724312
fGn,0.5,65,custom_dfa,0.5142946002355786,-0.002897335842724312
fGn,0.5,66,custom_rs,0.5628193674871987,-0.0002571224374301567
fGn,0.5,66,custom_dfa,0.5232632291686229,-0.0002571224374301567
fGn,0.5,67,custom_rs,0.527066282752125,0.009589419810618418
fGn,0.5,67,custom_dfa,0.46403720552695205,0.009589419810618418
fGn,0.5,68,custom_rs,0.5344456544843267,0.004410751826274826
fGn,0.5,68,custom_dfa,0.46684294756405165,0.004410751826274826
fGn,0.5,69,custom_rs,0.5458630587142074,-0.00831828457455868
fGn,0.5,69,custom_dfa,0.49411593732918513,-0.00831828457455868
fGn,0.5,70,custom_rs,0.5536544614540705,0.014390046946445722
fGn,0.5,70,custom_dfa,0.5135967693680971,0.014390046946445722
fGn,0.5,71,custom_rs,0.5299189529035911,-0.005029990766186179
fGn,0.5,71,custom_dfa,0.4616119706044449,-0.005029990766186179
fGn,0.5,72,custom_rs,0.5548641811905873,0.0012087011768563258
fGn,0.5,72,custom_dfa,0.4745083347969867,0.0012087011768563258
fGn,0.5,73,custom_rs,0.5578751258171899,0.02414585009147739
fGn,0.5,73,custom_dfa,0.5017613341093623,0.02414585009147739
fGn,0.5,74,custom_rs,0.5178384291743591,0.03420128449724756
fGn,0.5,74,custom_dfa,0.4696330587486897,0.03420128449724756
fGn,0.5,75,custom_rs,0.5727956377942647,0.006490809701930773
fGn,0.5,75,custom_dfa,0.5218865323815235,0.006490809701930773
fGn,0.5,76,custom_rs,0.5781784122473187,-0.005778401218068046
fGn,0.5,76,custom_dfa,0.5361961507530162,-0.005778401218068046
fGn,0.5,77,custom_rs,0.50851855961024,0.011611713553088094
fGn,0.5,77,custom_dfa,0.4459948908363541,0.011611713553088094
fGn,0.5,78,custom_rs,0.6065960725661343,-0.022272842348262746
fGn,0.5,78,custom_dfa,0.5417002718505831,-0.022272842348262746
fGn,0.5,79,custom_rs,0.541218171999309,-0.0028251016931384073
fGn,0.5,79,custom_dfa,0.467047869359133,-0.0028251016931384073
fGn,0.5,80,custom_rs,0.5472367022846076,0.007148726259892081
fGn,0.5,80,custom_dfa,0.5090786111802267,0.007148726259892081
fGn,0.5,81,custom_rs,0.5424838264683473,0.000529794424460854
fGn,0.5,81,custom_dfa,0.4832520900184439,0.000529794424460854
fGn,0.5,82,custom_rs,0.5135119189439655,-0.0034829668700248556
fGn,0.5,82,custom_dfa,0.44706270973203943,-0.0034829668700248556
fGn,0.5,83,custom_rs,0.5288443664906197,0.021561310469013606
fGn,0.5,83,custom_dfa,0.4534363884540181,0.021561310469013606
fGn,0.5,84,custom_rs,0.5417661490038652,-0.017701268788735416
fGn,0.5,84,custom_dfa,0.494915909066519,-0.017701268788735416
fGn,0.5,85,custom_rs,0.531398504914172,-0.011155898295431874
fGn,0.5,85,custom_dfa,0.4735262828010708,-0.011155898295431874
fGn,0.5,86,custom_rs,0.5515658831707332,-0.023207053009600662
fGn,0.5,86,custom_dfa,0.5055840266960393,-0.023207053009600662
fGn,0.5,87,custom_rs,0.5601526636896832,0.00131632878751875
fGn,0.5,87,custom_dfa,0.5065699774156979,0.00131632878751875
fGn,0.5,88,custom_rs,0.5816904824687147,0.0001560145967451992
fGn,0.5,88,custom_dfa,0.5753885847594924,0.0001560145967451992
fGn,0.5,89,custom_rs,0.5435118334176877,0.014955728718095525
fGn,0.5,89,custom_dfa,0.5063412765293744,0.014955728718095525
fGn,0.5,90,custom_rs,0.5350564876822943,-0.0028054858790571946
fGn,0.5,90,custom_dfa,0.4560910380789221,-0.0028054858790571946
fGn,0.5,91,custom_rs,0.5168407694138297,-0.015629681403828585
fGn,0.5,91,custom_dfa,0.44170100199607615,-0.015629681403828585
fGn,0.5,92,custom_rs,0.5427064996816463,-0.000607524034810399
fGn,0.5,92,custom_dfa,0.4829546881711403,-0.000607524034810399
fGn,0.5,93,custom_rs,0.569097607968617,-0.0013488989918586194
fGn,0.5,93,custom_dfa,0.5327553010950852,-0.0013488989918586194
fGn,0.5,94,custom_rs,0.5370136561173523,0.018758904666791608
fGn,0.5,94,custom_dfa,0.4659826176175916,0.018758904666791608
fGn,0.5,95,custom_rs,0.5374812276801848,-0.002210913575302356
fGn,0.5,95,custom_dfa,0.4776975832351566,-0.002210913575302356
fGn,0.5,96,custom_rs,0.5228231758945834,0.018015335192262127
fGn,0.5,96,custom_dfa,0.46760036520605885,0.018015335192262127
fGn,0.5,97,custom_rs,0.5475579236309198,-0.01177364772492323
fGn,0.5,97,custom_dfa,0.5217654180272784,-0.01177364772492323
fGn,0.5,98,custom_rs,0.5705467924563603,0.005622036309421114
fGn,0.5,98,custom_dfa,0.5238714977037039,0.005622036309421114
fGn,0.5,99,custom_rs,0.5607521731106355,0.01994108278090308
fGn,0.5,99,custom_dfa,0.5260469841319411,0.01994108278090308
fGn,0.7,0,custom_rs,0.7469672835196558,0.3116742758237025
fGn,0.7,0,custom_dfa,0.7476529689168022,0.3116742758237025
fGn,0.7,0,nolds_rs,0.6668440433766465,0.3116742758237025
fGn,0.7,0,nolds_dfa,0.7176980459276103,0.3116742758237025
fGn,0.7,1,custom_rs,0.7203970240132873,0.29931999050746594
fGn,0.7,1,custom_dfa,0.7031888750997163,0.29931999050746594
fGn,0.7,1,nolds_rs,0.6897318594992466,0.29931999050746594
fGn,0.7,1,nolds_dfa,0.7188481006524615,0.29931999050746594
fGn,0.7,2,custom_rs,0.6789472732155357,0.33022001266764434
fGn,0.7,2,custom_dfa,0.6445023628093478,0.33022001266764434
fGn,0.7,2,nolds_rs,0.6724655932106549,0.33022001266764434
fGn,0.7,2,nolds_dfa,0.7193896905521939,0.33022001266764434
fGn,0.7,3,custom_rs,0.7711591927374246,0.3466403620300681
fGn,0.7,3,custom_dfa,0.7498888066451017,0.3466403620300681
fGn,0.7,3,nolds_rs,0.656746441545755,0.3466403620300681
fGn,0.7,3,nolds_dfa,0.7415072649248348,0.3466403620300681
fGn,0.7,4,custom_rs,0.7179104848967485,0.342088050495792
fGn,0.7,4,custom_dfa,0.706749029158555,0.342088050495792
fGn,0.7,4,nolds_rs,0.6554513226017987,0.342088050495792
fGn,0.7,4,nolds_dfa,0.7347470659470398,0.342088050495792
fGn,0.7,5,custom_rs,0.6912633200620275,0.30847454037544586
fGn,0.7,5,custom_dfa,0.6807741531995788,0.30847454037544586
fGn,0.7,5,nolds_rs,0.6125250556664916,0.30847454037544586
fGn,0.7,5,nolds_dfa,0.6834857378893523,0.30847454037544586
fGn,0.7,6,custom_rs,0.7190115517094264,0.28723647303254374
fGn,0.7,6,custom_dfa,0.6851945835714538,0.28723647303254374
fGn,0.7,6,nolds_rs,0.6765915325797212,0.28723647303254374
fGn,0.7,6,nolds_dfa,0.7276826767040625,0.28723647303254374
fGn,0.7,7,custom_rs,0.7051942078474422,0.332169264881703
fGn,0.7,7,custom_dfa,0.6747685514176474,0.332169264881703
fGn,0.7,7,nolds_rs,0.5960604435525345,0.332169264881703
fGn,0.7,7,nolds_dfa,0.7158423983338426,0.332169264881703
fGn,0.7,8,custom_rs,0.6865594420715965,0.31402564181416825
fGn,0.7,8,custom_dfa,0.6413229111268972,0.31402564181416825
fGn,0.7,8,nolds_rs,0.6386660098422567,0.31402564181416825
fGn,0.7,8,nolds_dfa,0.6895289686793799,0.31402564181416825
fGn,0.7,9,custom_rs,0.7291867347138793,0.3378909002691109
fGn,0.7,9,custom_dfa,0.7052085512990198,0.3378909002691109
fGn,0.7,9,nolds_rs,0.6373623438787819,0.3378909002691109
fGn,0.7,9,nolds_dfa,0.7168173256222855,0.3378909002691109
fGn,0.7,10,custom_rs,0.7198609324680285,0.32094939356410435
fGn,0.7,10,custom_dfa,0.6948413319494189,0.32094939356410435
fGn,0.7,10,nolds_rs,0.6564891972438618,0.32094939356410435
fGn,0.7,10,nolds_dfa,0.7249947985938319,0.32094939356410435
fGn,0.7,11,custom_rs,0.7065872795580783,0.3541510801949825
fGn,0.7,11,custom_dfa,0.6783082453509383,0.3541510801949825
fGn,0.7,11,nolds_rs,0.6738757540868213,0.3541510801949825
fGn,0.7,11,nolds_dfa,0.7239296895870477,0.3541510801949825
fGn,0.7,12,custom_rs,0.7027742860456397,0.303106313455207
fGn,0.7,12,custom_dfa,0.6898876351064851,0.303106313455207
fGn,0.7,12,nolds_rs,0.6177081935221299,0.303106313455207
fGn,0.7,12,nolds_dfa,0.6981608203569012,0.303106313455207
fGn,0.7,13,custom_rs,0.7215265879600776,0.3234363771547939
fGn,0.7,13,custom_dfa,0.721216302693564,0.3234363771547939
fGn,0.7,13,nolds_rs,0.6314037202598843,0.3234363771547939
fGn,0.7,13,nolds_dfa,0.7035026074580022,0.3234363771547939
fGn,0.7,14,custom_rs,0.6664036585271215,0.27764496286225493
fGn,0.7,14,custom_dfa,0.616800897696272,0.27764496286225493
fGn,0.7,14,nolds_rs,0.6750313696925151,0.27764496286225493
fGn,0.7,14,nolds_dfa,0.6941596614047236,0.27764496286225493
fGn,0.7,15,custom_rs,0.7035400537861619,0.332302958463037
fGn,0.7,15,custom_dfa,0.668899971474615,0.332302958463037
fGn,0.7,15,nolds_rs,0.669212619765696,0.332302958463037
fGn,0.7,15,nolds_dfa,0.728717807517667,0.332302958463037
fGn,0.7,16,custom_rs,0.6532451830113487,0.31094666184136965
fGn,0.7,16,custom_dfa,0.6220961801778324,0.31094666184136965
fGn,0.7,16,nolds_rs,0.6757980516619383,0.31094666184136965
fGn,0.7,16,nolds_dfa,0.7211040193799421,0.31094666184136965
fGn,0.7,17,custom_rs,0.7064647499359428,0.2970673427327888
fGn,0.7,17,custom_dfa,0.677077249000196,0.2970673427327888
fGn,0.7,17,nolds_rs,0.6456138479057121,0.2970673427327888
fGn,0.7,17,nolds_dfa,0.6986604766004121,0.2970673427327888
fGn,0.7,18,custom_rs,0.6911679791192087,0.2737236645166982
fGn,0.7,18,custom_dfa,0.6516156869232134,0.2737236645166982
fGn,0.7,18,nolds_rs,0.64072308477858,0.2737236645166982
fGn,0.7,18,nolds_dfa,0.6953962534721457,0.2737236645166982
fGn,0.7,19,custom_rs,0.6981686534488443,0.32723859848741704
fGn,0.7,19,custom_dfa,0.6927140450378968,0.32723859848741704
fGn,0.7,19,nolds_rs,0.6442596308006523,0.32723859848741704
fGn,0.7,19,nolds_dfa,0.7013845863864601,0.32723859848741704
fGn,0.7,20,custom_rs,0.6858313312513226,0.3148276048571129
fGn,0.7,20,custom_dfa,0.6658767812288744,0.3148276048571129
fGn,0.7,21,custom_rs,0.7304736314010696,0.3525356411647711
fGn,0.7,21,custom_dfa,0.7395732871430135,0.3525356411647711
fGn,0.7,22,custom_rs,0.7202342844216114,0.3184841997264017
fGn,0.7,22,custom_dfa,0.7042010914042902,0.3184841997264017
fGn,0.7,23,custom_rs,0.7359881878595573,0.34352891094101584
fGn,0.7,23,custom_dfa,0.7291667996983954,0.34352891094101584
fGn,0.7,24,custom_rs,0.7276146585975455,0.299864093631348
fGn,0.7,24,custom_dfa,0.7277289029513812,0.299864093631348
fGn,0.7,25,custom_rs,0.6816298910045225,0.29512783197830367
fGn,0.7,25,custom_dfa,0.6805762874023488,0.29512783197830367
fGn,0.7,26,custom_rs,0.6841237323283679,0.3148461357211811
fGn,0.7,26,custom_dfa,0.662174328877323,0.3148461357211811
fGn,0.7,27,custom_rs,0.6444576396206035,0.2844411332765358
fGn,0.7,27,custom_dfa,0.6007485350302063,0.2844411332765358
fGn,0.7,28,custom_rs,0.706631718292425,0.3375907865805643
fGn,0.7,28,custom_dfa,0.6577308136966639,0.3375907865805643
fGn,0.7,29,custom_rs,0.7314376853222693,0.3153392943942643
fGn,0.7,29,custom_dfa,0.7159463962638908,0.3153392943942643
fGn,0.7,30,custom_rs,0.7084479416914575,0.34098907990010224
fGn,0.7,30,custom_dfa,0.6903209231583347,0.34098907990010224
fGn,0.7,31,custom_rs,0.720525689813183,0.32948386128225826
fGn,0.7,31,custom_dfa,0.7288462839628483,0.32948386128225826
fGn,0.7,32,custom_rs,0.6901677675324807,0.29748162374201664
fGn,0.7,32,custom_dfa,0.6562682043229902,0.29748162374201664
fGn,0.7,33,custom_rs,0.71190567218804,0.3263820815128149
fGn,0.7,33,custom_dfa,0.6712248400657419,0.3263820815128149
fGn,0.7,34,custom_rs,0.7971461188753584,0.3420283514724028
fGn,0.7,34,custom_dfa,0.8093680925025903,0.3420283514724028
fGn,0.7,35,custom_rs,0.6799865182138903,0.30670597627606416
fGn,0.7,35,custom_dfa,0.6642377668356558,0.30670597627606416
fGn,0.7,36,custom_rs,0.6931537134790299,0.33519371249920793
fGn,0.7,36,custom_dfa,0.6529571972679205,0.33519371249920793
fGn,0.7,37,custom_rs,0.7116103482463119,0.3058327598028259
fGn,0.7,37,custom_dfa,0.7320723741528282,0.3058327598028259
fGn,0.7,38,custom_rs,0.6877180010696439,0.32539255935982364
fGn,0.7,38,custom_dfa,0.6487001153137639,0.32539255935982364
fGn,0.7,39,custom_rs,0.7515915759783676,0.3365457424329088
fGn,0.7,39,custom_dfa,0.7293771736693426,0.3365457424329088
fGn,0.7,40,custom_rs,0.7399200603866498,0.3372346261970227
fGn,0.7,40,custom_dfa,0.733826358102079,0.3372346261970227
fGn,0.7,41,custom_rs,0.683553088865349,0.30588795065019136
fGn,0.7,41,custom_dfa,0.6536066449738502,0.30588795065019136
fGn,0.7,42,custom_rs,0.7165306006127936,0.32625443536165116
fGn,0.7,42,custom_dfa,0.70200036946585,0.32625443536165116
fGn,0.7,43,custom_rs,0.7143290337607039,0.31686430325302567
fGn,0.7,43,custom_dfa,0.7180513086872924,0.31686430325302567
fGn,0.7,44,custom_rs,0.736558637991314,0.3395758718055573
fGn,0.7,44,custom_dfa,0.7267850267443546,0.3395758718055573
fGn,0.7,45,custom_rs,0.7216633671434671,0.31417014100612417
fGn,0.7,45,custom_dfa,0.7207234284050513,0.31417014100612417
fGn,0.7,46,custom_rs,0.6945568330530931,0.33745352631760084
fGn,0.7,46,custom_dfa,0.6813623796794561,0.33745352631760084
fGn,0.7,47,custom_rs,0.735188558979592,0.316942175579406
fGn,0.7,47,custom_dfa,0.7240200762953869,0.316942175579406
fGn,0.7,48,custom_rs,0.6750209933524406,0.33600526472807296
fGn,0.7,48,custom_dfa,0.6422460006527932,0.33600526472807296
fGn,0.7,49,custom_rs,0.7118520042866453,0.34974492087969844
fGn,0.7,49,custom_dfa,0.7087596546361836,0.34974492087969844
fGn,0.7,50,custom_rs,0.7115627729961962,0.3184357569839438
fGn,0.7,50,custom_dfa,0.6813840486865556,0.3184357569839438
fGn,0.7,51,custom_rs,0.7132343605868997,0.30497580304773636
fGn,0.7,51,custom_dfa,0.715972670090797,0.30497580304773636
fGn,0.7,52,custom_rs,0.7022871842113446,0.30409490863172267
fGn,0.7,52,custom_dfa,0.6874109951208661,0.30409490863172267
fGn,0.7,53,custom_rs,0.7138137891678694,0.32226747446139087
fGn,0.7,53,custom_dfa,0.6737092687053663,0.32226747446139087
fGn,0.7,54,custom_rs,0.6684635541872502,0.3016385399659912
fGn,0.7,54,custom_dfa,0.6437435757395551,0.3016385399659912
fGn,0.7,55,custom_rs,0.7230045774009226,0.32995136612403386
fGn,0.7,55,custom_dfa,0.690006599272349,0.32995136612403386
fGn,0.7,56,custom_rs,0.7116013591515195,0.31417860943616716
fGn,0.7,56,custom_dfa,0.6775873453940106,0.31417860943616716
fGn,0.7,57,custom_rs,0.7150224305307977,0.3119580731113481
fGn,0.7,57,custom_dfa,0.7074391650100508,0.3119580731113481
fGn,0.7,58,custom_rs,0.7204348637374717,0.27532262210861363
fGn,0.7,58,custom_dfa,0.7098063957161996,0.27532262210861363
fGn,0.7,59,custom_rs,0.7039386048435128,0.29108563808944743
fGn,0.7,59,custom_dfa,0.701603713989661,0.29108563808944743
fGn,0.7,60,custom_rs,0.6900034851750172,0.3275756594521786
fGn,0.7,60,custom_dfa,0.6750770611605617,0.3275756594521786
fGn,0.7,61,custom_rs,0.6669655281610718,0.3016139225900765
fGn,0.7,61,custom_dfa,0.6318473284048235,0.3016139225900765
fGn,0.7,62,custom_rs,0.7101208193166191,0.2830598408314381
fGn,0.7,62,custom_dfa,0.6861740663403434,0.2830598408314381
fGn,0.7,63,custom_rs,0.6946982228276768,0.32116192448211756
fGn,0.7,63,custom_dfa,0.6677197065565686,0.32116192448211756
fGn,0.7,64,custom_rs,0.7426440557622864,0.3112075258819375
fGn,0.7,64,custom_dfa,0.7424723496850092,0.3112075258819375
fGn,0.7,65,custom_rs,0.6988669903940299,0.3297975396406458
fGn,0.7,65,custom_dfa,0.6799937110376675,0.3297975396406458
fGn,0.7,66,custom_rs,0.7184401252436947,0.31273881473908266
fGn,0.7,66,custom_dfa,0.6892079355510445,0.31273881473908266
fGn,0.7,67,custom_rs,0.7279052871806527,0.27922943764135233
fGn,0.7,67,custom_dfa,0.7125858949039385,0.27922943764135233
fGn,0.7,68,custom_rs,0.6903162672499068,0.30128606919485507
fGn,0.7,68,custom_dfa,0.680979018624047,0.30128606919485507
fGn,0.7,69,custom_rs,0.7371670749486535,0.3365306407212601
fGn,0.7,69,custom_dfa,0.7130281972126332,0.3365306407212601
fGn,0.7,70,custom_rs,0.7140979595384443,0.29696327809749834
fGn,0.7,70,custom_dfa,0.7126386264354344,0.29696327809749834
fGn,0.7,71,custom_rs,0.7276936151569272,0.31519738876657505
fGn,0.7,71,custom_dfa,0.7275431551192317,0.31519738876657505
fGn,0.7,72,custom_rs,0.7486474105635459,0.326405100377374
fGn,0.7,72,custom_dfa,0.7257964904518953,0.326405100377374
fGn,0.7,73,custom_rs,0.7422574235549433,0.3072024485623354
fGn,0.7,73,custom_dfa,0.7295918324419404,0.3072024485623354
fGn,0.7,74,custom_rs,0.7689821633634234,0.3140823099650903
fGn,0.7,74,custom_dfa,0.7674898495877339,0.3140823099650903
fGn,0.7,75,custom_rs,0.753547735099437,0.31179369032448545
fGn,0.7,75,custom_dfa,0.7453588516025951,0.31179369032448545
fGn,0.7,76,custom_rs,0.705177382264222,0.3178094025536174
fGn,0.7,76,custom_dfa,0.7091000127817514,0.3178094025536174
fGn,0.7,77,custom_rs,0.6823706785154467,0.30157752160026774
fGn,0.7,77,custom_dfa,0.6319790025662779,0.30157752160026774
fGn,0.7,78,custom_rs,0.7489601937507581,0.3435867106660567
fGn,0.7,78,custom_dfa,0.7509102299136818,0.3435867106660567
fGn,0.7,79,custom_rs,0.7069127009604605,0.3456839896006805
fGn,0.7,79,custom_dfa,0.6653330465868047,0.3456839896006805
fGn,0.7,80,custom_rs,0.6736568633245074,0.29251571015781025
fGn,0.7,80,custom_dfa,0.6352982829826183,0.29251571015781025
fGn,0.7,81,custom_rs,0.7458045700504483,0.3330967276906274
fGn,0.7,81,custom_dfa,0.7515810426175852,0.3330967276906274
fGn,0.7,82,custom_rs,0.6959901595593853,0.305110057924735
fGn,0.7,82,custom_dfa,0.6784612292758593,0.305110057924735
fGn,0.7,83,custom_rs,0.7092697350742816,0.3240763626790096
fGn,0.7,83,custom_dfa,0.6889015458948538,0.3240763626790096
fGn,0.7,84,custom_rs,0.7342159599491646,0.31563401870464536
fGn,0.7,84,custom_dfa,0.7239868565104116,0.31563401870464536
fGn,0.7,85,custom_rs,0.7437339559228902,0.31408503535660065
fGn,0.7,85,custom_dfa,0.7283517604080453,0.31408503535660065
fGn,0.7,86,custom_rs,0.6797712393515798,0.31560290395854795
fGn,0.7,86,custom_dfa,0.6750763862406264,0.31560290395854795
fGn,0.7,87,custom_rs,0.6913816131501636,0.3195041258621817
fGn,0.7,87,custom_dfa,0.6688614885519223,0.3195041258621817
fGn,0.7,88,custom_rs,0.7426884418503692,0.3476585697177202
fGn,0.7,88,custom_dfa,0.7317417741178749,0.3476585697177202
fGn,0.7,89,custom_rs,0.6738572152379659,0.3102771981622191
fGn,0.7,89,custom_dfa,0.6392504692133284,0.3102771981622191
fGn,0.7,90,custom_rs,0.8090606132761915,0.3549718354607537
fGn,0.7,90,custom_dfa,0.7945965063377486,0.3549718354607537
fGn,0.7,91,custom_rs,0.7224184491201555,0.32424552093062264
fGn,0.7,91,custom_dfa,0.7059338645984747,0.32424552093062264
fGn,0.7,92,custom_rs,0.7115038893746718,0.32613440227827667
fGn,0.7,92,custom_dfa,0.6778889018333367,0.32613440227827667
fGn,0.7,93,custom_rs,0.782153153623898,0.3295221799427522
fGn,0.7,93,custom_dfa,0.7938786259881943,0.3295221799427522
fGn,0.7,94,custom_rs,0.7360464153718369,0.30290057223652594
fGn,0.7,94,custom_dfa,0.7126947058071063,0.30290057223652594
fGn,0.7,95,custom_rs,0.7037301349491368,0.30849587987394317
fGn,0.7,95,custom_dfa,0.6688745960623507,0.30849587987394317
fGn,0.7,96,custom_rs,0.7384250843869533,0.32752149066982794
fGn,0.7,96,custom_dfa,0.7347306505949999,0.32752149066982794
fGn,0.7,97,custom_rs,0.7115781270112037,0.31561387397907714
fGn,0.7,97,custom_dfa,0.7071528041981212,0.31561387397907714
fGn,0.7,98,custom_rs,0.7543109488136646,0.35652938083931773
fGn,0.7,98,custom_dfa,0.7467456043906242,0.35652938083931773
fGn,0.7,99,custom_rs,0.7209511665012455,0.32161772658577564
fGn,0.7,99,custom_dfa,0.7053082775541133,0.32161772658577564
fGn,0.9,0,custom_rs,0.8697584657470708,0.691898276382078
fGn,0.9,0,custom_dfa,0.9234976558155109,0.691898276382078
fGn,0.9,0,nolds_rs,0.7787247895975593,0.691898276382078
fGn,0.9,0,nolds_dfa,0.9179874383950029,0.691898276382078
fGn,0.9,1,custom_rs,0.8802894591221464,0.7001122762854044
fGn,0.9,1,custom_dfa,0.9373516645113272,0.7001122762854044
fGn,0.9,1,nolds_rs,0.8366362416463052,0.7001122762854044
fGn,0.9,1,nolds_dfa,0.9396643131725048,0.7001122762854044
fGn,0.9,2,custom_rs,0.8504266806079467,0.6964518748351373
fGn,0.9,2,custom_dfa,0.8851327926837195,0.6964518748351373
fGn,0.9,2,nolds_rs,0.7999788990894847,0.6964518748351373
fGn,0.9,2,nolds_dfa,0.9052322558432798,0.6964518748351373
fGn,0.9,3,custom_rs,0.8622042301924101,0.6706434521802661
fGn,0.9,3,custom_dfa,0.8976020393649891,0.6706434521802661
fGn,0.9,3,nolds_rs,0.7873621882599998,0.6706434521802661
fGn,0.9,3,nolds_dfa,0.9073046359733579,0.6706434521802661
fGn,0.9,4,custom_rs,0.8152372850558326,0.6266562124659888
fGn,0.9,4,custom_dfa,0.8114272893830752,0.6266562124659888
fGn,0.9,4,nolds_rs,0.7116852061828296,0.6266562124659888
fGn,0.9,4,nolds_dfa,0.8615035349504014,0.6266562124659888
fGn,0.9,5,custom_rs,0.8045707508343272,0.6650196872670069
fGn,0.9,5,custom_dfa,0.8157610868991269,0.6650196872670069
fGn,0.9,5,nolds_rs,0.7771585354872317,0.6650196872670069
fGn,0.9,5,nolds_dfa,0.9024804152394278,0.6650196872670069
fGn,0.9,6,custom_rs,0.8713356433461003,0.689580048646923
fGn,0.9,6,custom_dfa,0.9066253467055756,0.689580048646923
fGn,0.9,6,nolds_rs,0.7879464959530906,0.689580048646923
fGn,0.9,6,nolds_dfa,0.943391732802579,0.689580048646923
fGn,0.9,7,custom_rs,0.8813307151429186,0.6633065546208275
fGn,0.9,7,custom_dfa,0.9256211573038008,0.6633065546208275
fGn,0.9,7,nolds_rs,0.7823372411425283,0.6633065546208275
fGn,0.9,7,nolds_dfa,0.9232520673600152,0.6633065546208275
fGn,0.9,8,custom_rs,0.782943926536985,0.6388573122783244
fGn,0.9,8,custom_dfa,0.7947787591943911,0.6388573122783244
fGn,0.9,8,nolds_rs,0.7721843747267032,0.6388573122783244
fGn,0.9,8,nolds_dfa,0.9039114738115268,0.6388573122783244
fGn,0.9,9,custom_rs,0.8526357753532113,0.6794057814380875
fGn,0.9,9,custom_dfa,0.8844446885894955,0.6794057814380875
fGn,0.9,9,nolds_rs,0.7630305858354915,0.6794057814380875
fGn,0.9,9,nolds_dfa,0.908411272973696,0.6794057814380875
fGn,0.9,10,custom_rs,0.8871778778281341,0.6778330329700998
fGn,0.9,10,custom_dfa,0.9480771551928419,0.6778330329700998
fGn,0.9,10,nolds_rs,0.7838820569673397,0.6778330329700998
fGn,0.9,10,nolds_dfa,0.9017289940835361,0.6778330329700998
fGn,0.9,11,custom_rs,0.8404991193722426,0.6378195590860397
fGn,0.9,11,custom_dfa,0.8772365855530136,0.6378195590860397
fGn,0.9,11,nolds_rs,0.7901135074997274,0.6378195590860397
fGn,0.9,11,nolds_dfa,0.8881551929491144,0.6378195590860397
fGn,0.9,12,custom_rs,0.8494979828008762,0.6711523023271436
fGn,0.9,12,custom_dfa,0.893540841484362,0.6711523023271436
fGn,0.9,12,nolds_rs,0.8184170751429265,0.6711523023271436
fGn,0.9,12,nolds_dfa,0.9369784113144272,0.6711523023271436
fGn,0.9,13,custom_rs,0.8471361455496447,0.6483087288763009
fGn,0.9,13,custom_dfa,0.8603805670717227,0.6483087288763009
fGn,0.9,13,nolds_rs,0.7490276080068539,0.6483087288763009
fGn,0.9,13,nolds_dfa,0.8753001623349232,0.6483087288763009
fGn,0.9,14,custom_rs,0.8733557351531824,0.6793705123242244
fGn,0.9,14,custom_dfa,0.9560508188170302,0.6793705123242244
fGn,0.9,14,nolds_rs,0.775155989051239,0.6793705123242244
fGn,0.9,14,nolds_dfa,0.9351843642629232,0.6793705123242244
fGn,0.9,15,custom_rs,0.8212118991989935,0.6567164302585217
fGn,0.9,15,custom_dfa,0.8655870886299374,0.6567164302585217
fGn,0.9,15,nolds_rs,0.7765897217753277,0.6567164302585217
fGn,0.9,15,nolds_dfa,0.9076879076448086,0.6567164302585217
fGn,0.9,16,custom_rs,0.9074538715095073,0.6807365244158398
fGn,0.9,16,custom_dfa,0.9896994430440335,0.6807365244158398
fGn,0.9,16,nolds_rs,0.7999889809256102,0.6807365244158398
fGn,0.9,16,nolds_dfa,0.9454043515924986,0.6807365244158398
fGn,0.9,17,custom_rs,0.8866504952599649,0.6861140555945103
fGn,0.9,17,custom_dfa,0.9431961925277595,0.6861140555945103
fGn,0.9,17,nolds_rs,0.8184023400413187,0.6861140555945103
fGn,0.9,17,nolds_dfa,0.9383636191399585,0.6861140555945103
fGn,0.9,18,custom_rs,0.8578596449956364,0.675074326161143
fGn,0.9,18,custom_dfa,0.9251083751682319,0.675074326161143
fGn,0.9,18,nolds_rs,0.7451520515171329,0.675074326161143
fGn,0.9,18,nolds_dfa,0.9036714994145435,0.675074326161143
fGn,0.9,19,custom_rs,0.864701044105453,0.6802647552718079
fGn,0.9,19,custom_dfa,0.9007768680637284,0.6802647552718079
fGn,0.9,19,nolds_rs,0.7666030585854593,0.6802647552718079
fGn,0.9,19,nolds_dfa,0.9053244249618749,0.6802647552718079
fGn,0.9,20,custom_rs,0.8852763088701338,0.7830028471067395
fGn,0.9,20,custom_dfa,0.936361771251228,0.7830028471067395
fGn,0.9,21,custom_rs,0.8851749890060093,0.6886233748575189
fGn,0.9,21,custom_dfa,0.927356646474809,0.6886233748575189
fGn,0.9,22,custom_rs,0.8825033573813373,0.671683021695531
fGn,0.9,22,custom_dfa,0.9325551053952292,0.671683021695531
fGn,0.9,23,custom_rs,0.8637572964829803,0.702947874580112
fGn,0.9,23,custom_dfa,0.8895437604891333,0.702947874580112
fGn,0.9,24,custom_rs,0.8211386813386748,0.6667520510369238
fGn,0.9,24,custom_dfa,0.8634514254653443,0.6667520510369238
fGn,0.9,25,custom_rs,0.8669259627436551,0.6371495246927227
fGn,0.9,25,custom_dfa,0.9032277533866055,0.6371495246927227
fGn,0.9,26,custom_rs,0.87251329897795,0.6968148390165572
fGn,0.9,26,custom_dfa,0.9241424637983446,0.6968148390165572
fGn,0.9,27,custom_rs,0.8595077503560491,0.7000235783384378
fGn,0.9,27,custom_dfa,0.891970026197895,0.7000235783384378
fGn,0.9,28,custom_rs,0.8606013054960353,0.6934389542161266
fGn,0.9,28,custom_dfa,0.902611633972656,0.6934389542161266
fGn,0.9,29,custom_rs,0.8558472948486069,0.6348501578191191
fGn,0.9,29,custom_dfa,0.8770501338457537,0.6348501578191191
fGn,0.9,30,custom_rs,0.877772290273045,0.7159405336240932
fGn,0.9,30,custom_dfa,0.9450789389710098,0.7159405336240932
fGn,0.9,31,custom_rs,0.8568818971969618,0.6959875680750294
fGn,0.9,31,custom_dfa,0.8960365370932265,0.6959875680750294
fGn,0.9,32,custom_rs,0.8341332783557747,0.679558951795641
fGn,0.9,32,custom_dfa,0.8792158647919733,0.679558951795641
fGn,0.9,33,custom_rs,0.9100404358578482,0.7124981183133013
fGn,0.9,33,custom_dfa,0.9738835504359729,0.7124981183133013
fGn,0.9,34,custom_rs,0.8068292020905912,0.6745729904716546
fGn,0.9,34,custom_dfa,0.8229513121285422,0.6745729904716546
fGn,0.9,35,custom_rs,0.8805398231117224,0.64225361005252
fGn,0.9,35,custom_dfa,0.9192440753693959,0.64225361005252
fGn,0.9,36,custom_rs,0.8368339180028388,0.655900105250245
fGn,0.9,36,custom_dfa,0.8579692808996647,0.655900105250245
fGn,0.9,37,custom_rs,0.8396149510638922,0.646862605422663
fGn,0.9,37,custom_dfa,0.8653942258004108,0.646862605422663
fGn,0.9,38,custom_rs,0.8705394637519717,0.6929829790943268
fGn,0.9,38,custom_dfa,0.9332717714698624,0.6929829790943268
fGn,0.9,39,custom_rs,0.8673864005484684,0.7040959108223722
fGn,0.9,39,custom_dfa,0.9212652515764306,0.7040959108223722
fGn,0.9,40,custom_rs,0.7958365952329649,0.6734560301643211
fGn,0.9,40,custom_dfa,0.820417596283801,0.6734560301643211
fGn,0.9,41,custom_rs,0.8035370509718075,0.6804345214698745
fGn,0.9,41,custom_dfa,0.8162986538502265,0.6804345214698745
fGn,0.9,42,custom_rs,0.8433355540005225,0.6672709114708908
fGn,0.9,42,custom_dfa,0.8799931136813038,0.6672709114708908
fGn,0.9,43,custom_rs,0.8164945323954114,0.6497642439669836
fGn,0.9,43,custom_dfa,0.825091664036621,0.6497642439669836
fGn,0.9,44,custom_rs,0.8439508937843571,0.6860460919060177
fGn,0.9,44,custom_dfa,0.8967188766397624,0.6860460919060177
fGn,0.9,45,custom_rs,0.9175620730318144,0.7311099819982512
fGn,0.9,45,custom_dfa,1.013627358335741,0.7311099819982512
fGn,0.9,46,custom_rs,0.8813276442561819,0.7416489006446725
fGn,0.9,46,custom_dfa,0.9693879850182472,0.7416489006446725
fGn,0.9,47,custom_rs,0.7947120351982744,0.6229328290768991
fGn,0.9,47,custom_dfa,0.7924099192877118,0.6229328290768991
fGn,0.9,48,custom_rs,0.8498437962105402,0.6993127857500951
fGn,0.9,48,custom_dfa,0.9024279429660357,0.6993127857500951
fGn,0.9,49,custom_rs,0.8121477492924867,0.6763885147442067
fGn,0.9,49,custom_dfa,0.8453732041966481,0.6763885147442067
fGn,0.9,50,custom_rs,0.8685201008509053,0.7206155627565065
fGn,0.9,50,custom_dfa,0.9111521626404256,0.7206155627565065
fGn,0.9,51,custom_rs,0.8333753405194739,0.6918622238376427
fGn,0.9,51,custom_dfa,0.8511857919032318,0.6918622238376427
fGn,0.9,52,custom_rs,0.85581952562402,0.6560926464423391
fGn,0.9,52,custom_dfa,0.8774692275570918,0.6560926464423391
fGn,0.9,53,custom_rs,0.8682585260229072,0.6742103989748136
fGn,0.9,53,custom_dfa,0.8984795204574717,0.6742103989748136
fGn,0.9,54,custom_rs,0.8557272783257104,0.6563042346017994
fGn,0.9,54,custom_dfa,0.894713908445573,0.6563042346017994
fGn,0.9,55,custom_rs,0.9154873622811819,0.705817296453407
fGn,0.9,55,custom_dfa,0.9841756035273119,0.705817296453407
fGn,0.9,56,custom_rs,0.8264183158114128,0.653308701495225
fGn,0.9,56,custom_dfa,0.8690101981952254,0.653308701495225
fGn,0.9,57,custom_rs,0.8702243618175316,0.6456523222780547
fGn,0.9,57,custom_dfa,0.8909535832283518,0.6456523222780547
fGn,0.9,58,custom_rs,0.8194827083517492,0.6167798630866199
fGn,0.9,58,custom_dfa,0.82678875806762,0.6167798630866199
fGn,0.9,59,custom_rs,0.8522074945037026,0.6801779044435421
fGn,0.9,59,custom_dfa,0.8932886470743052,0.6801779044435421
fGn,0.9,60,custom_rs,0.8265692556467076,0.7122190504007041
fGn,0.9,60,custom_dfa,0.8265973345207192,0.7122190504007041
fGn,0.9,61,custom_rs,0.8904416102565115,0.6775748409481948
fGn,0.9,61,custom_dfa,0.933130482657544,0.6775748409481948
fGn,0.9,62,custom_rs,0.865958608191574,0.6598810527487444
fGn,0.9,62,custom_dfa,0.9034940040190405,0.6598810527487444
fGn,0.9,63,custom_rs,0.8388450023964825,0.6667787451396501
fGn,0.9,63,custom_dfa,0.8634997351353215,0.6667787451396501
fGn,0.9,64,custom_rs,0.8564726953539219,0.6968456037266025
fGn,0.9,64,custom_dfa,0.9091998559359242,0.6968456037266025
fGn,0.9,65,custom_rs,0.8467555389805135,0.6916611910744728
fGn,0.9,65,custom_dfa,0.8830249846784047,0.6916611910744728
fGn,0.9,66,custom_rs,0.852231207299217,0.6434547044496927
fGn,0.9,66,custom_dfa,0.8930178622748793,0.6434547044496927
fGn,0.9,67,custom_rs,0.8147174775447574,0.6568658498178961
fGn,0.9,67,custom_dfa,0.8698772639107499,0.6568658498178961
fGn,0.9,68,custom_rs,0.8025247027088223,0.6564719439187069
fGn,0.9,68,custom_dfa,0.8013039124945918,0.6564719439187069
fGn,0.9,69,custom_rs,0.8350444580302028,0.6443110757101261
fGn,0.9,69,custom_dfa,0.8734344708340769,0.6443110757101261
fGn,0.9,70,custom_rs,0.8559025931005128,0.7046295789022848
fGn,0.9,70,custom_dfa,0.8888856755543975,0.7046295789022848
fGn,0.9,71,custom_rs,0.8038173253864791,0.6768396934781584
fGn,0.9,71,custom_dfa,0.8090183362646564,0.6768396934781584
fGn,0.9,72,custom_rs,0.8470827889933008,0.6416552363892185
fGn,0.9,72,custom_dfa,0.8649565792666482,0.6416552363892185
fGn,0.9,73,custom_rs,0.7784199699753448,0.6656596052178552
fGn,0.9,73,custom_dfa,0.8392764945208444,0.6656596052178552
fGn,0.9,74,custom_rs,0.8355906569076832,0.6563970754671855
fGn,0.9,74,custom_dfa,0.861212734831553,0.6563970754671855
fGn,0.9,75,custom_rs,0.8310858849057641,0.6808097593589943
fGn,0.9,75,custom_dfa,0.8879330469545283,0.6808097593589943
fGn,0.9,76,custom_rs,0.8653044030265233,0.6799919163673509
fGn,0.9,76,custom_dfa,0.9074879357695738,0.6799919163673509
fGn,0.9,77,custom_rs,0.8825947048161841,0.6707436725412728
fGn,0.9,77,custom_dfa,0.9311982451809094,0.6707436725412728
fGn,0.9,78,custom_rs,0.8332002363144668,0.6563828581197316
fGn,0.9,78,custom_dfa,0.8898112054329078,0.6563828581197316
fGn,0.9,79,custom_rs,0.8510837934472527,0.6833052598735662
fGn,0.9,79,custom_dfa,0.8796069183552405,0.6833052598735662
fGn,0.9,80,custom_rs,0.8448611370374532,0.666171911887328
fGn,0.9,80,custom_dfa,0.8809769580173126,0.666171911887328
fGn,0.9,81,custom_rs,0.8534536390807704,0.7405568901170615
fGn,0.9,81,custom_dfa,0.903929707500991,0.7405568901170615
fGn,0.9,82,custom_rs,0.8363317548882774,0.6941300924568539
fGn,0.9,82,custom_dfa,0.8825376731783803,0.6941300924568539
fGn,0.9,83,custom_rs,0.8373457812650199,0.6861158201819452
fGn,0.9,83,custom_dfa,0.8629394690558875,0.6861158201819452
fGn,0.9,84,custom_rs,0.8763053602408625,0.6901920459530875
fGn,0.9,84,custom_dfa,0.9339292163306144,0.6901920459530875
fGn,0.9,85,custom_rs,0.8558418164252815,0.6405258604138653
fGn,0.9,85,custom_dfa,0.9050495062931548,0.6405258604138653
fGn,0.9,86,custom_rs,0.8711752898406296,0.6550602291959714
fGn,0.9,86,custom_dfa,0.8861328750715494,0.6550602291959714
fGn,0.9,87,custom_rs,0.8450129250412417,0.69638838157596
fGn,0.9,87,custom_dfa,0.8905323546711933,0.69638838157596
fGn,0.9,88,custom_rs,0.8546639385250758,0.6920293234298093
fGn,0.9,88,custom_dfa,0.9078111820691939,0.6920293234298093
fGn,0.9,89,custom_rs,0.8898430981758523,0.7166819378588141
fGn,0.9,89,custom_dfa,0.9488405886653514,0.7166819378588141
fGn,0.9,90,custom_rs,0.8057016064311345,0.6158931569173314
fGn,0.9,90,custom_dfa,0.830663204591283,0.6158931569173314
fGn,0.9,91,custom_rs,0.8452146060367111,0.6399668248616774
fGn,0.9,91,custom_dfa,0.8819141932303107,0.6399668248616774
fGn,0.9,92,custom_rs,0.8784578165619041,0.7167651581982559
fGn,0.9,92,custom_dfa,0.9236091480722469,0.7167651581982559
fGn,0.9,93,custom_rs,0.800827945243811,0.7117911673335868
fGn,0.9,93,custom_dfa,0.8050904700261572,0.7117911673335868
fGn,0.9,94,custom_rs,0.866228629500505,0.6492746740670993
fGn,0.9,94,custom_dfa,0.8908081764880912,0.6492746740670993
fGn,0.9,95,custom_rs,0.8581560802733544,0.710279682949422
fGn,0.9,95,custom_dfa,0.923386439918685,0.710279682949422
fGn,0.9,96,custom_rs,0.9034103530701392,0.7168355635883454
fGn,0.9,96,custom_dfa,0.9494944545674072,0.7168355635883454
fGn,0.9,97,custom_rs,0.8193953003430869,0.6812474502917345
fGn,0.9,97,custom_dfa,0.8528998856157879,0.6812474502917345
fGn,0.9,98,custom_rs,0.8056196949816237,0.6583818409036651
fGn,0.9,98,custom_dfa,0.8062420605304818,0.6583818409036651
fGn,0.9,99,custom_rs,0.8002107207019453,0.6768122433759652
fGn,0.9,99,custom_dfa,0.8310044082019817,0.6768122433759652
